{
  "name": "LogisticRegression",
  "param_grid": {
    "preprocessing__numerical__scaler": [
      "RobustScaler()"
    ],
    "select__k": [
      2
    ],
    "select__score_func": [
      "<function f_classif at 0x7fd665d122a0>"
    ],
    "dimensionality_reduction": [
      "PCA(random_state=42)"
    ],
    "dimensionality_reduction__n_components": [
      2
    ],
    "classifier": [
      "LogisticRegression()"
    ],
    "classifier__penalty": [
      "l1"
    ],
    "classifier__C": [
      0.1
    ],
    "classifier__solver": [
      "liblinear"
    ],
    "classifier__class_weight": [
      "balanced"
    ],
    "classifier__max_iter": [
      5000
    ]
  },
  "best_params": {
    "classifier": "LogisticRegression()",
    "classifier__C": 0.1,
    "classifier__class_weight": "balanced",
    "classifier__max_iter": 5000,
    "classifier__penalty": "l1",
    "classifier__solver": "liblinear",
    "dimensionality_reduction": "PCA(random_state=42)",
    "dimensionality_reduction__n_components": 2,
    "preprocessing__numerical__scaler": "RobustScaler()",
    "select__k": 2,
    "select__score_func": "<function f_classif at 0x7fd665d122a0>"
  },
  "metrics": {
    "classification_report": {
      "train": {
        "0": {
          "precision": 0.8398835516739447,
          "recall": 0.7539198606271778,
          "f1-score": 0.7945834289648841,
          "support": 9184.0
        },
        "1": {
          "precision": 0.303758471965496,
          "recall": 0.42758022549869906,
          "f1-score": 0.35518731988472624,
          "support": 2306.0
        },
        "accuracy": 0.6884247171453438,
        "macro avg": {
          "precision": 0.5718210118197203,
          "recall": 0.5907500430629384,
          "f1-score": 0.5748853744248051,
          "support": 11490.0
        },
        "weighted avg": {
          "precision": 0.7322852545627452,
          "recall": 0.6884247171453438,
          "f1-score": 0.7063982742617645,
          "support": 11490.0
        }
      },
      "test": {
        "0": {
          "precision": 0.8336575875486382,
          "recall": 0.7510955302366346,
          "f1-score": 0.7902259105578607,
          "support": 2282.0
        },
        "1": {
          "precision": 0.3047735618115055,
          "recall": 0.4213197969543147,
          "f1-score": 0.3536931818181818,
          "support": 591.0
        },
        "accuracy": 0.6832579185520362,
        "macro avg": {
          "precision": 0.5692155746800718,
          "recall": 0.5862076635954746,
          "f1-score": 0.5719595461880213,
          "support": 2873.0
        },
        "weighted avg": {
          "precision": 0.7248617437579506,
          "recall": 0.6832579185520362,
          "f1-score": 0.7004274968143348,
          "support": 2873.0
        }
      }
    },
    "parsed": {
      "train": {
        "precision": 0.5784279385181984,
        "recall": 0.600319618540565,
        "f1": 0.5818880004132484
      },
      "val": {
        "precision": 0.5800255275873056,
        "recall": 0.6028820895845268,
        "f1": 0.5836552359296381
      },
      "test": {
        "precision": 0.5692155746800718,
        "recall": 0.5862076635954746,
        "f1": 0.5719595461880213
      }
    }
  },
  "cv_results": {
    "mean_fit_time": [
      0.3896927833557129
    ],
    "std_fit_time": [
      0.019182248834159428
    ],
    "mean_score_time": [
      0.027509546279907225
    ],
    "std_score_time": [
      0.0061534666303773924
    ],
    "param_classifier": [
      "LogisticRegression()"
    ],
    "param_classifier__C": [
      0.1
    ],
    "param_classifier__class_weight": [
      "balanced"
    ],
    "param_classifier__max_iter": [
      5000
    ],
    "param_classifier__penalty": [
      "l1"
    ],
    "param_classifier__solver": [
      "liblinear"
    ],
    "param_dimensionality_reduction": [
      "PCA(random_state=42)"
    ],
    "param_dimensionality_reduction__n_components": [
      2
    ],
    "param_preprocessing__numerical__scaler": [
      "RobustScaler()"
    ],
    "param_select__k": [
      2
    ],
    "param_select__score_func": [
      "<function f_classif at 0x7fd665d122a0>"
    ],
    "params": [
      {
        "classifier": "LogisticRegression()",
        "classifier__C": 0.1,
        "classifier__class_weight": "balanced",
        "classifier__max_iter": 5000,
        "classifier__penalty": "l1",
        "classifier__solver": "liblinear",
        "dimensionality_reduction": "PCA(random_state=42)",
        "dimensionality_reduction__n_components": 2,
        "preprocessing__numerical__scaler": "RobustScaler()",
        "select__k": 2,
        "select__score_func": "<function f_classif at 0x7fd665d122a0>"
      }
    ],
    "split0_test_precision": [
      0.5717532689806257
    ],
    "split1_test_precision": [
      0.5613766673598526
    ],
    "split2_test_precision": [
      0.5728931140801644
    ],
    "split3_test_precision": [
      0.5736510450158501
    ],
    "split4_test_precision": [
      0.6204535425000356
    ],
    "mean_test_precision": [
      0.5800255275873056
    ],
    "std_test_precision": [
      0.020698502315449913
    ],
    "rank_test_precision": [
      1
    ],
    "split0_train_precision": [
      0.5584567344404102
    ],
    "split1_train_precision": [
      0.559953682180742
    ],
    "split2_train_precision": [
      0.5613634350158719
    ],
    "split3_train_precision": [
      0.5915431867349805
    ],
    "split4_train_precision": [
      0.6208226542189873
    ],
    "mean_train_precision": [
      0.5784279385181984
    ],
    "std_train_precision": [
      0.024497616514502572
    ],
    "split0_test_recall": [
      0.5922249793217536
    ],
    "split1_test_recall": [
      0.5804512238900416
    ],
    "split2_test_recall": [
      0.5864626602853531
    ],
    "split3_test_recall": [
      0.5932873420665065
    ],
    "split4_test_recall": [
      0.6619842423589799
    ],
    "mean_test_recall": [
      0.6028820895845268
    ],
    "std_test_recall": [
      0.029904645244432704
    ],
    "rank_test_recall": [
      1
    ],
    "split0_train_recall": [
      0.5749346920471307
    ],
    "split1_train_recall": [
      0.5761740193865106
    ],
    "split2_train_recall": [
      0.5796331954093286
    ],
    "split3_train_recall": [
      0.6140219106428516
    ],
    "split4_train_recall": [
      0.6568342752170041
    ],
    "mean_train_recall": [
      0.600319618540565
    ],
    "std_train_recall": [
      0.03173953932136401
    ],
    "split0_test_f1": [
      0.5742111354775828
    ],
    "split1_test_f1": [
      0.5629067733346378
    ],
    "split2_test_f1": [
      0.5761846539536413
    ],
    "split3_test_f1": [
      0.5770625651720542
    ],
    "split4_test_f1": [
      0.6279110517102746
    ],
    "mean_test_f1": [
      0.5836552359296381
    ],
    "std_test_f1": [
      0.022704800666785267
    ],
    "rank_test_f1": [
      1
    ],
    "split0_train_f1": [
      0.5597028339201489
    ],
    "split1_train_f1": [
      0.561446236219877
    ],
    "split2_train_f1": [
      0.5627712054015197
    ],
    "split3_train_f1": [
      0.5968160715773267
    ],
    "split4_train_f1": [
      0.6287036549473694
    ],
    "mean_train_f1": [
      0.5818880004132484
    ],
    "std_train_f1": [
      0.027166346847974792
    ]
  }
}