{
  "name": "LogisticRegression",
  "param_grid": {
    "preprocessing__numerical__scaler": [
      "RobustScaler()"
    ],
    "select__k": [
      2
    ],
    "select__score_func": [
      "<function f_classif at 0x7fd665d122a0>"
    ],
    "dimensionality_reduction": [
      "PCA(random_state=42)"
    ],
    "dimensionality_reduction__n_components": [
      2
    ],
    "classifier": [
      "LogisticRegression()"
    ],
    "classifier__penalty": [
      "l2"
    ],
    "classifier__C": [
      0.1
    ],
    "classifier__class_weight": [
      "balanced"
    ],
    "classifier__max_iter": [
      5000
    ]
  },
  "best_params": {
    "classifier": "LogisticRegression()",
    "classifier__C": 0.1,
    "classifier__class_weight": "balanced",
    "classifier__max_iter": 5000,
    "classifier__penalty": "l2",
    "dimensionality_reduction": "PCA(random_state=42)",
    "dimensionality_reduction__n_components": 2,
    "preprocessing__numerical__scaler": "RobustScaler()",
    "select__k": 2,
    "select__score_func": "<function f_classif at 0x7fd665d122a0>"
  },
  "metrics": {
    "classification_report": {
      "train": {
        "0": {
          "precision": 0.8395106589147286,
          "recall": 0.7546820557491289,
          "f1-score": 0.7948394495412844,
          "support": 9184.0
        },
        "1": {
          "precision": 0.3033395176252319,
          "recall": 0.4254119687771032,
          "f1-score": 0.35415162454873644,
          "support": 2306.0
        },
        "accuracy": 0.6885987815491732,
        "macro avg": {
          "precision": 0.5714250882699803,
          "recall": 0.5900470122631161,
          "f1-score": 0.5744955370450104,
          "support": 11490.0
        },
        "weighted avg": {
          "precision": 0.731903117416593,
          "recall": 0.6885987815491732,
          "f1-score": 0.706395052288646,
          "support": 11490.0
        }
      },
      "test": {
        "0": {
          "precision": 0.8322830828889967,
          "recall": 0.752410166520596,
          "f1-score": 0.7903337169159954,
          "support": 2282.0
        },
        "1": {
          "precision": 0.30246913580246915,
          "recall": 0.41455160744500846,
          "f1-score": 0.3497501784439686,
          "support": 591.0
        },
        "accuracy": 0.6829098503306648,
        "macro avg": {
          "precision": 0.5673761093457329,
          "recall": 0.5834808869828022,
          "f1-score": 0.5700419476799821,
          "support": 2873.0
        },
        "weighted avg": {
          "precision": 0.7232959465408805,
          "recall": 0.6829098503306648,
          "f1-score": 0.6997020179125258,
          "support": 2873.0
        }
      }
    },
    "parsed": {
      "train": {
        "precision": 0.5781097206789854,
        "recall": 0.5996085013029242,
        "f1": 0.5815960483582193
      },
      "val": {
        "precision": 0.5788802649959424,
        "recall": 0.601032265358978,
        "f1": 0.5824332630869037
      },
      "test": {
        "precision": 0.5673761093457329,
        "recall": 0.5834808869828022,
        "f1": 0.5700419476799821
      }
    }
  },
  "cv_results": {
    "mean_fit_time": [
      0.3744369983673096
    ],
    "std_fit_time": [
      0.004794369951568391
    ],
    "mean_score_time": [
      0.02827935218811035
    ],
    "std_score_time": [
      0.006402369623602028
    ],
    "param_classifier": [
      "LogisticRegression()"
    ],
    "param_classifier__C": [
      0.1
    ],
    "param_classifier__class_weight": [
      "balanced"
    ],
    "param_classifier__max_iter": [
      5000
    ],
    "param_classifier__penalty": [
      "l2"
    ],
    "param_dimensionality_reduction": [
      "PCA(random_state=42)"
    ],
    "param_dimensionality_reduction__n_components": [
      2
    ],
    "param_preprocessing__numerical__scaler": [
      "RobustScaler()"
    ],
    "param_select__k": [
      2
    ],
    "param_select__score_func": [
      "<function f_classif at 0x7fd665d122a0>"
    ],
    "params": [
      {
        "classifier": "LogisticRegression()",
        "classifier__C": 0.1,
        "classifier__class_weight": "balanced",
        "classifier__max_iter": 5000,
        "classifier__penalty": "l2",
        "dimensionality_reduction": "PCA(random_state=42)",
        "dimensionality_reduction__n_components": 2,
        "preprocessing__numerical__scaler": "RobustScaler()",
        "select__k": 2,
        "select__score_func": "<function f_classif at 0x7fd665d122a0>"
      }
    ],
    "split0_test_precision": [
      0.5702018516401874
    ],
    "split1_test_precision": [
      0.5613766673598526
    ],
    "split2_test_precision": [
      0.5730219209074093
    ],
    "split3_test_precision": [
      0.5734231597235336
    ],
    "split4_test_precision": [
      0.6163777253487293
    ],
    "mean_test_precision": [
      0.5788802649959424
    ],
    "std_test_precision": [
      0.019245002025991574
    ],
    "rank_test_precision": [
      1
    ],
    "split0_train_precision": [
      0.5583902562830592
    ],
    "split1_train_precision": [
      0.5591039554058741
    ],
    "split2_train_precision": [
      0.5614941812999017
    ],
    "split3_train_precision": [
      0.5913386134950116
    ],
    "split4_train_precision": [
      0.6202215969110803
    ],
    "mean_train_precision": [
      0.5781097206789854
    ],
    "std_train_precision": [
      0.024390843624040037
    ],
    "split0_test_recall": [
      0.5900744416873449
    ],
    "split1_test_recall": [
      0.5804512238900416
    ],
    "split2_test_recall": [
      0.586271898139787
    ],
    "split3_test_recall": [
      0.5927310345650009
    ],
    "split4_test_recall": [
      0.6556327285127156
    ],
    "mean_test_recall": [
      0.601032265358978
    ],
    "std_test_recall": [
      0.027610297417114446
    ],
    "rank_test_recall": [
      1
    ],
    "split0_train_recall": [
      0.5747991364342675
    ],
    "split1_train_recall": [
      0.5748411061520982
    ],
    "split2_train_recall": [
      0.5796248339656178
    ],
    "split3_train_recall": [
      0.613352395473393
    ],
    "split4_train_recall": [
      0.6554250344892447
    ],
    "mean_train_recall": [
      0.5996085013029242
    ],
    "std_train_recall": [
      0.031409092352056564
    ],
    "split0_test_f1": [
      0.5725416014010963
    ],
    "split1_test_f1": [
      0.5629067733346378
    ],
    "split2_test_f1": [
      0.5763379063156594
    ],
    "split3_test_f1": [
      0.5768651050374023
    ],
    "split4_test_f1": [
      0.6235149293457221
    ],
    "mean_test_f1": [
      0.5824332630869037
    ],
    "std_test_f1": [
      0.021142326427267794
    ],
    "rank_test_f1": [
      1
    ],
    "split0_train_f1": [
      0.5596511769189667
    ],
    "split1_train_f1": [
      0.5606072349037245
    ],
    "split2_train_f1": [
      0.562994542263171
    ],
    "split3_train_f1": [
      0.5966186242392679
    ],
    "split4_train_f1": [
      0.6281086634659667
    ],
    "mean_train_f1": [
      0.5815960483582193
    ],
    "std_train_f1": [
      0.027045239329613408
    ]
  }
}